{
  "formatVersion": 1,
  "database": {
    "version": 1,
    "identityHash": "ab7d39c73dece6f63db299e8fb65bf1e",
    "entities": [
      {
        "tableName": "Movies",
        "createSql": "CREATE TABLE IF NOT EXISTS `${TABLE_NAME}` (`key` INTEGER PRIMARY KEY AUTOINCREMENT NOT NULL, `poster_path` TEXT, `ids` TEXT, `title` TEXT, `vote_average` REAL NOT NULL, `overview` TEXT, `release_date` TEXT)",
        "fields": [
          {
            "fieldPath": "key",
            "columnName": "key",
            "affinity": "INTEGER",
            "notNull": true
          },
          {
            "fieldPath": "poster_path",
            "columnName": "poster_path",
            "affinity": "TEXT",
            "notNull": false
          },
          {
            "fieldPath": "id",
            "columnName": "ids",
            "affinity": "TEXT",
            "notNull": false
          },
          {
            "fieldPath": "title",
            "columnName": "title",
            "affinity": "TEXT",
            "notNull": false
          },
          {
            "fieldPath": "vote_average",
            "columnName": "vote_average",
            "affinity": "REAL",
            "notNull": true
          },
          {
            "fieldPath": "overview",
            "columnName": "overview",
            "affinity": "TEXT",
            "notNull": false
          },
          {
            "fieldPath": "release_date",
            "columnName": "release_date",
            "affinity": "TEXT",
            "notNull": false
          }
        ],
        "primaryKey": {
          "columnNames": [
            "key"
          ],
          "autoGenerate": true
        },
        "indices": [],
        "foreignKeys": []
      }
    ],
    "views": [],
    "setupQueries": [
      "CREATE TABLE IF NOT EXISTS room_master_table (id INTEGER PRIMARY KEY,identity_hash TEXT)",
      "INSERT OR REPLACE INTO room_master_table (id,identity_hash) VALUES(42, 'ab7d39c73dece6f63db299e8fb65bf1e')"
    ]
  }
}